"","SYMBOL","ENTREZID","ENSEMBL"
"1","AGPAT4","56895","ENSG00000026652"
"2","ZNF436-AS1","148898","ENSG00000249087"
"4","BACH1","571","ENSG00000156273"
"5","CAMK4","814","ENSG00000152495"
"6","CAMK2G","818","ENSG00000148660"
"7","CMKLR1","1240","ENSG00000174600"
"8","SLC31A1","1317","ENSG00000136868"
"9","CYLD","1540","ENSG00000083799"
"10","TIMM8A","1678","ENSG00000126953"
"11","CELSR3","1951","ENSG00000008300"
"12","ETV3","2117","ENSG00000117036"
"13","HLA-DOB","3112","ENSG00000241106"
"14","HLA-DOB","3112","ENSG00000243612"
"15","HLA-DOB","3112","ENSG00000241910"
"16","HLA-DOB","3112","ENSG00000243496"
"17","HLA-DOB","3112","ENSG00000241386"
"18","HLA-DOB","3112","ENSG00000239457"
"19","HTR7","3363","ENSG00000148680"
"20","LDLR","3949","ENSG00000130164"
"21","LMAN1","3998","ENSG00000074695"
"22","MECP2","4204","ENSG00000169057"
"23","NFYA","4800","ENSG00000001167"
"24","PAFAH1B1","5048","ENSG00000007168"
"25","PPIC","5480","ENSG00000168938"
"26","PPP1R3D","5509","ENSG00000132825"
"27","MAPK1","5594","ENSG00000100030"
"28","PTAFR","5724","ENSG00000169403"
"29","QSOX1","5768","ENSG00000116260"
"30","PTPN12","5782","ENSG00000127947"
"31","PURA","5813","ENSG00000185129"
"32","RPS27","6232","ENSG00000177954"
"33","SIX1","6495","ENSG00000126778"
"34","SREBF1","6720","ENSG00000072310"
"35","STK4","6789","ENSG00000101109"
"36","TBX15","6913","ENSG00000092607"
"37","TEAD1","7003","ENSG00000187079"
"38","WT1","7490","ENSG00000184937"
"39","GAN","8139","ENSG00000261609"
"40","PEX3","8504","ENSG00000034693"
"41","KLF7","8609","ENSG00000118263"
"42","IL1RL2","8808","ENSG00000115598"
"43","ALDH1A2","8854","ENSG00000128918"
"44","GPRIN2","9721","ENSG00000204175"
"45","MFN2","9927","ENSG00000116688"
"46","KLF2","10365","ENSG00000127528"
"47","SEMA4D","10507","ENSG00000187764"
"48","NEBL","10529","ENSG00000078114"
"49","POP4","10775","ENSG00000105171"
"50","CPSF6","11052","ENSG00000111605"
"51","IKZF2","22807","ENSG00000030419"
"52","DNPEP","23549","ENSG00000123992"
"53","RABGAP1","23637","ENSG00000011454"
"54","ARHGEF26","26084","ENSG00000114790"
"55","ARHGEF26","26084","ENSG00000277101"
"56","FGFR1OP2","26127","ENSG00000111790"
"57","POLL","27343","ENSG00000166169"
"58","BRD7","29117","ENSG00000166164"
"59","MRPL30","51263","ENSG00000185414"
"60","CLIC5","53405","ENSG00000112782"
"61","CNNM2","54805","ENSG00000148842"
"62","RBM41","55285","ENSG00000089682"
"63","SVOP","55530","ENSG00000166111"
"64","KANSL3","55683","ENSG00000114982"
"65","IPO9","55705","ENSG00000198700"
"66","DPYSL5","56896","ENSG00000157851"
"67","THOC2","57187","ENSG00000125676"
"69","NUFIP2","57532","ENSG00000108256"
"70","PHF12","57649","ENSG00000109118"
"71","RMND5A","64795","ENSG00000153561"
"72","SH3TC2","79628","ENSG00000169247"
"73","YRDC","79693","ENSG00000196449"
"74","ZC2HC1C","79696","ENSG00000119703"
"75","TUBAL3","79861","ENSG00000178462"
"76","KLHL15","80311","ENSG00000174010"
"77","SRCIN1","80725","ENSG00000277363"
"78","SRCIN1","80725","ENSG00000273608"
"79","ELOF1","84337","ENSG00000130165"
"80","OSBPL1A","114876","ENSG00000141447"
"81","ZNF354B","117608","ENSG00000178338"
"82","RPTN","126638","ENSG00000215853"
"84","C2orf15","150590","ENSG00000273045"
"85","ARL6IP6","151188","ENSG00000177917"
"86","SPIN3","169981","ENSG00000204271"
"87","ANKRD18A","253650","ENSG00000180071"
"89","TMEM119","338773","ENSG00000183160"
"90","FAM71F2","346653","ENSG00000205085"
"92","TRAPPC3L","100128327","ENSG00000173626"
"94","BAIAP2L1","55971","ENSG00000006453"
"95","LL22NC03-63E9.3","648691","ENSG00000220891"
"96","LL22NC03-63E9.3","648691","ENSG00000281296"
"97","ACADL","33","ENSG00000115361"
"98","ADM","133","ENSG00000148926"
"99","ABCC6","368","ENSG00000091262"
"100","ABCC6","368","ENSG00000275331"
"101","BMP2","650","ENSG00000125845"
"102","CCNB1","891","ENSG00000134057"
"103","ENTPD5","957","ENSG00000187097"
"104","CYP4A11","1579","ENSG00000187048"
"105","EFNA1","1942","ENSG00000169242"
"106","GDI1","2664","ENSG00000203879"
"107","HCFC1","3054","ENSG00000172534"
"108","HLA-B","3106","ENSG00000234745"
"109","HLA-B","3106","ENSG00000206450"
"110","HLA-B","3106","ENSG00000223532"
"111","HLA-B","3106","ENSG00000228964"
"112","HLA-B","3106","ENSG00000224608"
"113","HLA-B","3106","ENSG00000232126"
"114","HOXC6","3223","ENSG00000197757"
"115","SP110","3431","ENSG00000135899"
"116","LY6E","4061","ENSG00000160932"
"117","LY6E","4061","ENSG00000278032"
"118","MEF2D","4209","ENSG00000116604"
"119","MIF","4282","ENSG00000240972"
"120","MIF","4282","ENSG00000276701"
"121","NFIB","4781","ENSG00000147862"
"122","NFIC","4782","ENSG00000141905"
"123","FXYD1","5348","ENSG00000266964"
"124","MRPL12","6182","ENSG00000262814"
"125","SLC9A3","6550","ENSG00000066230"
"126","SLC9A3","6550","ENSG00000281861"
"127","SLIT1","6585","ENSG00000187122"
"128","SNRPD3","6634","ENSG00000100028"
"129","SOX12","6666","ENSG00000177732"
"130","TERF2","7014","ENSG00000132604"
"131","YWHAZ","7534","ENSG00000164924"
"132","ZNF8","7554","ENSG00000278129"
"133","BRPF1","7862","ENSG00000156983"
"134","MAPKAPK5","8550","ENSG00000089022"
"135","SGPL1","8879","ENSG00000166224"
"136","ZBTB22","9278","ENSG00000236104"
"137","ZBTB22","9278","ENSG00000206280"
"138","ZBTB22","9278","ENSG00000229253"
"139","ZBTB22","9278","ENSG00000237056"
"140","ZBTB22","9278","ENSG00000227780"
"141","SH3PXD2A","9644","ENSG00000107957"
"142","CEP104","9731","ENSG00000116198"
"143","TSPAN3","10099","ENSG00000140391"
"144","ZER1","10444","ENSG00000160445"
"145","TRIOBP","11078","ENSG00000100106"
"146","ZNF652","22834","ENSG00000198740"
"148","HAUS5","23354","ENSG00000249115"
"149","VPS8","23355","ENSG00000156931"
"150","CRTC1","23373","ENSG00000105662"
"151","SF3B3","23450","ENSG00000189091"
"152","TNFAIP8","25816","ENSG00000145779"
"153","SETBP1","26040","ENSG00000152217"
"154","PHF19","26147","ENSG00000119403"
"155","CNNM4","26504","ENSG00000158158"
"156","BBC3","27113","ENSG00000105327"
"157","AGO2","27161","ENSG00000123908"
"158","CRCP","27297","ENSG00000241258"
"159","TNRC18P2","27320","ENSG00000223566"
"161","MRPS16","51021","ENSG00000182180"
"162","APH1A","51107","ENSG00000117362"
"163","ZBTB7A","51341","ENSG00000178951"
"164","ANKFY1","51479","ENSG00000185722"
"165","GPR173","54328","ENSG00000184194"
"166","TRIM44","54765","ENSG00000166326"
"167","RFWD3","55159","ENSG00000168411"
"168","SLC38A7","55238","ENSG00000103042"
"169","RNF121","55298","ENSG00000137522"
"170","LSG1","55341","ENSG00000041802"
"171","CHST12","55501","ENSG00000136213"
"172","FEM1A","55527","ENSG00000141965"
"173","MIOX","55586","ENSG00000100253"
"174","OTUD5","55593","ENSG00000068308"
"175","CHMP1B","57132","ENSG00000255112"
"176","GIGYF1","64599","ENSG00000146830"
"177","CREB3L2","64764","ENSG00000182158"
"178","PLEKHA3","65977","ENSG00000116095"
"179","SCNM1","79005","ENSG00000163156"
"180","FOXRED2","80020","ENSG00000100350"
"181","ORAI2","80228","ENSG00000160991"
"182","MFRP","83552","ENSG00000235718"
"183","WDR75","84128","ENSG00000115368"
"184","YIPF4","84272","ENSG00000119820"
"185","FAM136A","84908","ENSG00000035141"
"186","RRP36","88745","ENSG00000124541"
"187","DSEL","92126","ENSG00000171451"
"188","DSEL","92126","ENSG00000262102"
"189","MEX3A","92312","ENSG00000254726"
"190","ASB16","92591","ENSG00000161664"
"191","ZBTB47","92999","ENSG00000114853"
"192","ZNF561","93134","ENSG00000171469"
"193","ZFAND4","93550","ENSG00000172671"
"194","CCSAP","126731","ENSG00000154429"
"195","UBLCP1","134510","ENSG00000164332"
"196","SIX5","147912","ENSG00000177045"
"197","METTL21A","151194","ENSG00000144401"
"198","ARSK","153642","ENSG00000164291"
"199","PPTC7","160760","ENSG00000196850"
"200","ZNF584","201514","ENSG00000171574"
"201","TMED4","222068","ENSG00000158604"
"202","RICTOR","253260","ENSG00000164327"
"203","LCLAT1","253558","ENSG00000172954"
"204","TMPRSS12","283471","ENSG00000186452"
"205","CYP4A22","284541","ENSG00000162365"
"206","COX18","285521","ENSG00000163626"
"207","ZC3H12B","340554","ENSG00000102053"
"208","ZNF726","730087","ENSG00000213967"
"209","TMEM239","100288797","ENSG00000198326"
"210","NOL4L","140688","ENSG00000197183"
"211","HACD4","401494","ENSG00000188921"
"212","ADCYAP1R1","117","ENSG00000078549"
"213","CDKN1B","1027","ENSG00000111276"
"214","KLF6","1316","ENSG00000067082"
"215","DAB2","1601","ENSG00000153071"
"216","MARK2","2011","ENSG00000072518"
"217","GPC5","2262","ENSG00000179399"
"218","FOXN2","3344","ENSG00000170802"
"219","IGF1","3479","ENSG00000017427"
"220","IL6ST","3572","ENSG00000134352"
"221","IL7R","3575","ENSG00000168685"
"222","LDHA","3939","ENSG00000134333"
"223","LDHA","3939","ENSG00000288299"
"224","MAP3K9","4293","ENSG00000006432"
"225","OVOL1","5017","ENSG00000172818"
"226","PTPRJ","5795","ENSG00000149177"
"227","TRA2B","6434","ENSG00000136527"
"228","VEGFA","7422","ENSG00000112715"
"229","ZNF223","7766","ENSG00000178386"
"230","CSDE1","7812","ENSG00000009307"
"231","CDKL2","8999","ENSG00000138769"
"232","ZNF264","9422","ENSG00000083844"
"233","SDC3","9672","ENSG00000162512"
"234","KIAA0232","9778","ENSG00000170871"
"235","TATDN2","9797","ENSG00000157014"
"236","STAMBP","10617","ENSG00000124356"
"237","MAP3K2","10746","ENSG00000169967"
"238","ZNF460","10794","ENSG00000197714"
"239","ADAMTS8","11095","ENSG00000134917"
"240","DUSP10","11221","ENSG00000143507"
"241","PHLPP1","23239","ENSG00000081913"
"242","BCL2L13","23786","ENSG00000099968"
"243","INVS","27130","ENSG00000119509"
"244","SERP1","27230","ENSG00000120742"
"245","RAB30","27314","ENSG00000137502"
"246","TNRC6A","27327","ENSG00000090905"
"247","TNRC6A","27327","ENSG00000288130"
"248","KCNMB4","27345","ENSG00000135643"
"249","MED4","29079","ENSG00000136146"
"250","FAM13B","51306","ENSG00000031003"
"251","KLHL24","54800","ENSG00000114796"
"252","PCDHB11","56125","ENSG00000197479"
"253","KCNQ5","56479","ENSG00000185760"
"254","CELF4","56853","ENSG00000101489"
"255","ZNF608","57507","ENSG00000168916"
"256","MSANTD4","84437","ENSG00000170903"
"257","TRIM5","85363","ENSG00000132256"
"258","CALML4","91860","ENSG00000129007"
"259","CYGB","114757","ENSG00000161544"
"260","LRRC58","116064","ENSG00000163428"
"261","PM20D2","135293","ENSG00000146281"
"262","TMEM161B","153396","ENSG00000164180"
"263","SPRED1","161742","ENSG00000166068"
"264","SGMS2","166929","ENSG00000164023"
"265","ZNF850","342892","ENSG00000267041"
"266","CCDC160","347475","ENSG00000203952"
"267","ENO4","387712","ENSG00000188316"
"270","PGAM4","441531","ENSG00000226784"
"271","ATXN7L3B","552889","ENSG00000253719"
"272","MTRNR2L8","100463486","ENSG00000255823"
"273","MTRNR2L10","100463488","ENSG00000256045"
"274","AKT2","208","ENSG00000105221"
"275","BDNF","627","ENSG00000176697"
"276","BMP6","654","ENSG00000153162"
"277","BMP7","655","ENSG00000101144"
"278","BMPR1B","658","ENSG00000138696"
"279","BSG","682","ENSG00000172270"
"280","BTF3","689","ENSG00000145741"
"281","BTG1","694","ENSG00000133639"
"282","BUB1B","701","ENSG00000156970"
"283","CCNT2","905","ENSG00000082258"
"284","CD151","977","ENSG00000177697"
"285","CDK1","983","ENSG00000170312"
"286","CDH5","1003","ENSG00000179776"
"287","CDK6","1021","ENSG00000105810"
"288","CDKN1A","1026","ENSG00000124762"
"289","CREB1","1385","ENSG00000118260"
"290","MAPK14","1432","ENSG00000112062"
"291","CSF1R","1436","ENSG00000182578"
"292","CSNK2A1","1457","ENSG00000101266"
"293","DDX6","1656","ENSG00000110367"
"294","E2F2","1870","ENSG00000007968"
"295","E2F2","1870","ENSG00000282899"
"296","ENO1","2023","ENSG00000074800"
"297","ERBB3","2065","ENSG00000065361"
"298","ESR1","2099","ENSG00000091831"
"299","FKBP5","2289","ENSG00000096060"
"300","NR3C1","2908","ENSG00000113580"
"302","HIF1A","3091","ENSG00000100644"
"303","HMGB1","3146","ENSG00000189403"
"304","HSPA1B","3304","ENSG00000204388"
"305","HSPA1B","3304","ENSG00000232804"
"306","HSPA1B","3304","ENSG00000231555"
"307","HSPA1B","3304","ENSG00000224501"
"308","HSPA1B","3304","ENSG00000212866"
"309","HTR2C","3358","ENSG00000147246"
"311","CXCR2","3579","ENSG00000180871"
"312","INSIG1","3638","ENSG00000186480"
"313","IRF5","3663","ENSG00000128604"
"314","RPSA","3921","ENSG00000168028"
"315","LBP","3929","ENSG00000129988"
"316","LGALS1","3956","ENSG00000100097"
"317","LGALS9","3965","ENSG00000168961"
"318","MAOA","4128","ENSG00000189221"
"319","MAX","4149","ENSG00000125952"
"320","MMP14","4323","ENSG00000157227"
"321","MTHFR","4524","ENSG00000177000"
"322","MYC","4609","ENSG00000136997"
"323","MYO6","4646","ENSG00000196586"
"324","PDHA1","5160","ENSG00000131828"
"325","PIK3C2A","5286","ENSG00000011405"
"326","PPARA","5465","ENSG00000186951"
"327","PRKACA","5566","ENSG00000072062"
"328","PRKACA","5566","ENSG00000288516"
"329","PTEN","5728","ENSG00000171862"
"330","PTEN","5728","ENSG00000284792"
"331","PTMS","5763","ENSG00000159335"
"332","PEX5","5830","ENSG00000139197"
"333","PEX5","5830","ENSG00000288217"
"334","RAB5B","5869","ENSG00000111540"
"335","RAP2B","5912","ENSG00000181467"
"336","RBL1","5933","ENSG00000080839"
"337","RGS2","5997","ENSG00000116741"
"338","RPL24","6152","ENSG00000114391"
"339","RPL35A","6165","ENSG00000182899"
"340","RPS2","6187","ENSG00000140988"
"341","RPS4X","6191","ENSG00000198034"
"342","SCD","6319","ENSG00000099194"
"343","SFRP2","6423","ENSG00000145423"
"344","SRSF7","6432","ENSG00000115875"
"345","SLC2A1","6513","ENSG00000117394"
"346","SNAI1","6615","ENSG00000124216"
"347","SP1","6667","ENSG00000185591"
"348","SRPK1","6732","ENSG00000096063"
"349","STX4","6810","ENSG00000103496"
"350","TBX3","6926","ENSG00000135111"
"351","TCF7","6932","ENSG00000081059"
"352","TFRC","7037","ENSG00000072274"
"353","TGFB1","7040","ENSG00000105329"
"354","TIAM1","7074","ENSG00000156299"
"355","TPD52L2","7165","ENSG00000101150"
"356","VSNL1","7447","ENSG00000163032"
"357","WNT1","7471","ENSG00000125084"
"358","ZNF217","7764","ENSG00000171940"
"359","ALMS1","7840","ENSG00000116127"
"360","NUP214","8021","ENSG00000126883"
"361","NCOA1","8648","ENSG00000084676"
"362","TNFRSF10D","8793","ENSG00000173530"
"363","FUBP1","8880","ENSG00000162613"
"364","VAPB","9217","ENSG00000124164"
"365","TCEAL1","9338","ENSG00000172465"
"366","RBM39","9584","ENSG00000131051"
"367","ZNF646","9726","ENSG00000167395"
"368","IFT140","9742","ENSG00000187535"
"369","HDAC4","9759","ENSG00000068024"
"370","HDAC6","10013","ENSG00000094631"
"371","ARPC5","10092","ENSG00000162704"
"372","NET1","10276","ENSG00000173848"
"373","BTN3A3","10384","ENSG00000111801"
"374","EFR3B","22979","ENSG00000084710"
"375","PHF8","23133","ENSG00000172943"
"376","RCOR1","23186","ENSG00000089902"
"377","TBC1D12","23232","ENSG00000108239"
"378","WWC1","23286","ENSG00000113645"
"379","FRAT2","23401","ENSG00000181274"
"380","SIRT1","23411","ENSG00000096717"
"381","TTC33","23548","ENSG00000113638"
"382","ELP5","23587","ENSG00000170291"
"383","ELP5","23587","ENSG00000288485"
"384","LEMD3","23592","ENSG00000174106"
"385","SERBP1","26135","ENSG00000142864"
"386","TRAF3IP1","26146","ENSG00000204104"
"387","MYCBP","26292","ENSG00000214114"
"388","FOXP1","27086","ENSG00000114861"
"389","EEF2K","29904","ENSG00000103319"
"390","EEF2K","29904","ENSG00000284161"
"391","PIGP","51227","ENSG00000185808"
"392","GINS2","51659","ENSG00000131153"
"393","CYCS","54205","ENSG00000172115"
"394","DDIT4","54541","ENSG00000168209"
"395","TET2","54790","ENSG00000168769"
"396","DCAF16","54876","ENSG00000163257"
"397","LRRC20","55222","ENSG00000172731"
"398","LRRC1","55227","ENSG00000137269"
"399","MIS18BP1","55320","ENSG00000129534"
"400","LIN7C","55327","ENSG00000148943"
"401","CAMK2N1","55450","ENSG00000162545"
"402","KDM3A","55818","ENSG00000115548"
"403","RCC2","55920","ENSG00000179051"
"404","RCC2","55920","ENSG00000281540"
"405","ZMAT5","55954","ENSG00000100319"
"407","GSDMD","79792","ENSG00000104518"
"408","GSDMD","79792","ENSG00000278718"
"409","EDC3","80153","ENSG00000179151"
"410","CTC1","80169","ENSG00000178971"
"411","CHD9","80205","ENSG00000177200"
"412","SPG11","80208","ENSG00000104133"
"413","ZFP91","80829","ENSG00000186660"
"414","CLPTM1L","81037","ENSG00000049656"
"415","CLPTM1L","81037","ENSG00000274811"
"416","TSC22D4","81628","ENSG00000166925"
"417","LONP2","83752","ENSG00000102910"
"418","KCTD10","83892","ENSG00000110906"
"419","ARID5B","84159","ENSG00000150347"
"420","GLIS2","84662","ENSG00000126603"
"421","GLIS2","84662","ENSG00000274636"
"422","SFXN1","94081","ENSG00000164466"
"423","NLRP3","114548","ENSG00000162711"
"424","VASN","114990","ENSG00000168140"
"425","VASN","114990","ENSG00000274334"
"426","KCTD12","115207","ENSG00000178695"
"427","C15orf40","123207","ENSG00000169609"
"428","C1orf87","127795","ENSG00000162598"
"429","ACVR1C","130399","ENSG00000123612"
"430","C5orf24","134553","ENSG00000181904"
"431","SOGA1","140710","ENSG00000149639"
"432","DNHD1","144132","ENSG00000179532"
"433","TMEM120B","144404","ENSG00000188735"
"434","PDIK1L","149420","ENSG00000175087"
"435","PRELID2","153768","ENSG00000186314"
"436","HNRNPA3","220988","ENSG00000170144"
"437","BRWD3","254065","ENSG00000165288"
"438","H19","283120","ENSG00000130600"
"439","H19","283120","ENSG00000288237"
"440","NEAT1","283131","ENSG00000245532"
"441","MALAT1","378938","ENSG00000251562"
"442","ZNF662","389114","ENSG00000182983"
"443","RAB44","401258","ENSG00000255587"
"444","TMEM178B","100507421","ENSG00000261115"
"445","SARAF","51669","ENSG00000133872"
"446","EIF4A1","1973","ENSG00000161960"
"447","HNRNPA1","3178","ENSG00000135486"
"448","MT1E","4493","ENSG00000169715"
"449","MT2A","4502","ENSG00000125148"
"450","MYO10","4651","ENSG00000145555"
"451","PRKAA1","5562","ENSG00000132356"
"452","RORA","6095","ENSG00000069667"
"453","YY1","7528","ENSG00000100811"
"454","VEZF1","7716","ENSG00000136451"
"455","ARID1A","8289","ENSG00000117713"
"456","CUL3","8452","ENSG00000036257"
"457","SMC3","9126","ENSG00000108055"
"458","NREP","9315","ENSG00000134986"
"460","PCGF3","10336","ENSG00000185619"
"461","DDX17","10521","ENSG00000100201"
"462","ANP32B","10541","ENSG00000136938"
"463","MTF2","22823","ENSG00000143033"
"464","UBBP4","23666","ENSG00000263563"
"465","FLVCR1","28982","ENSG00000162769"
"466","F11R","50848","ENSG00000158769"
"467","LIMA1","51474","ENSG00000050405"
"469","STRBP","55342","ENSG00000165209"
"470","NHSL1","57224","ENSG00000135540"
"471","COG6","57511","ENSG00000133103"
"472","AFAP1","60312","ENSG00000196526"
"473","QSER1","79832","ENSG00000060749"
"474","MED10","84246","ENSG00000133398"
"475","LCOR","84458","ENSG00000196233"
"476","NTNG2","84628","ENSG00000196358"
"477","LMNB2","84823","ENSG00000176619"
"478","RWDD2A","112611","ENSG00000013392"
"479","XKR4","114786","ENSG00000206579"
"480","TNFRSF13C","115650","ENSG00000159958"
"481","HNRNPA1L2","144983","ENSG00000139675"
"482","HNRNPA1L2","144983","ENSG00000273784"
"483","VPS13B","157680","ENSG00000132549"
"484","MMS22L","253714","ENSG00000146263"
"485","MTX3","345778","ENSG00000177034"
"486","GPR141","353345","ENSG00000187037"
"487","NCR3LG1","374383","ENSG00000188211"
"489","ACKR2","1238","ENSG00000144648"
"490","LUC7L3","51747","ENSG00000108848"
"491","APC","324","ENSG00000134982"
"492","ARHGEF37","389337","ENSG00000183111"
"493","ADGRF1","266977","ENSG00000153292"
"494","PLET1","349633","ENSG00000188771"
"495","ALPI","248","ENSG00000163295"
"496","STS","412","ENSG00000101846"
"497","C6","729","ENSG00000039537"
"498","CAD","790","ENSG00000084774"
"499","CCND2","894","ENSG00000118971"
"500","CYB561","1534","ENSG00000008283"
"501","EEF2","1938","ENSG00000167658"
"502","IGF1R","3480","ENSG00000140443"
"503","KPNA3","3839","ENSG00000102753"
"504","MFAP3","4238","ENSG00000037749"
"505","NUCB2","4925","ENSG00000070081"
"506","PFN2","5217","ENSG00000070087"
"507","PHKG2","5261","ENSG00000156873"
"508","RPL5","6125","ENSG00000122406"
"509","TGFBR2","7048","ENSG00000163513"
"510","VEGFC","7424","ENSG00000150630"
"511","ZNF45","7596","ENSG00000124459"
"512","PAX8","7849","ENSG00000125618"
"513","TNFSF9","8744","ENSG00000125657"
"514","ONECUT2","9480","ENSG00000119547"
"515","SPATA2","9825","ENSG00000158480"
"516","LRIG2","9860","ENSG00000198799"
"518","MGLL","11343","ENSG00000074416"
"519","CHSY1","22856","ENSG00000131873"
"520","DDHD2","23259","ENSG00000085788"
"521","TFIP11","24144","ENSG00000100109"
"522","PPP1R16B","26051","ENSG00000101445"
"523","ZNF107","51427","ENSG00000196247"
"524","CHIC1","53344","ENSG00000204116"
"525","GRAMD1C","54762","ENSG00000178075"
"526","LAMTOR1","55004","ENSG00000149357"
"527","SLC25A36","55186","ENSG00000114120"
"528","CDV3","55573","ENSG00000091527"
"529","ENAH","55740","ENSG00000154380"
"530","CLIP4","79745","ENSG00000115295"
"531","ATAD5","79915","ENSG00000176208"
"532","ZNF442","79973","ENSG00000198342"
"533","WDR26","80232","ENSG00000162923"
"534","CLPB","81570","ENSG00000162129"
"537","LONRF1","91694","ENSG00000154359"
"538","LONRF1","91694","ENSG00000285360"
"539","KLHL32","114792","ENSG00000186231"
"540","WFIKKN2","124857","ENSG00000173714"
"541","FAM168B","130074","ENSG00000152102"
"542","CKAP2L","150468","ENSG00000169607"
"543","ZNF100","163227","ENSG00000197020"
"544","ZNF100","163227","ENSG00000274746"
"545","QSOX2","169714","ENSG00000165661"
"547","CAPN15","6650","ENSG00000103326"
"548","CAPN15","6650","ENSG00000282214"
"549","ABL1","25","ENSG00000097007"
"550","ACTG1","71","ENSG00000184009"
"551","ADCY3","109","ENSG00000138031"
"552","AK2","204","ENSG00000004455"
"553","ALDOC","230","ENSG00000109107"
"554","ARHGDIA","396","ENSG00000141522"
"555","ARRB2","409","ENSG00000141480"
"556","ASCL2","430","ENSG00000183734"
"557","ASPH","444","ENSG00000198363"
"558","ATP2B4","493","ENSG00000058668"
"560","ATP6V1E1","529","ENSG00000131100"
"561","KIF1A","547","ENSG00000130294"
"562","BAK1","578","ENSG00000030110"
"563","ZFP36L1","677","ENSG00000185650"
"564","CALM3","808","ENSG00000160014"
"565","RUNX1","861","ENSG00000159216"
"566","CCNF","899","ENSG00000162063"
"567","CD81","975","ENSG00000110651"
"568","CDKN2A","1029","ENSG00000147889"
"569","CEBPB","1051","ENSG00000172216"
"570","CLCN7","1186","ENSG00000103249"
"571","CSTB","1476","ENSG00000160213"
"572","DAG1","1605","ENSG00000173402"
"573","DLX5","1749","ENSG00000105880"
"574","ATN1","1822","ENSG00000111676"
"575","E2F3","1871","ENSG00000112242"
"576","EPB41","2035","ENSG00000159023"
"577","FAAH","2166","ENSG00000117480"
"578","FKBP4","2288","ENSG00000004478"
"579","GAPDH","2597","ENSG00000111640"
"580","GJB1","2705","ENSG00000169562"
"581","GLUL","2752","ENSG00000135821"
"582","MKNK2","2872","ENSG00000099875"
"583","GRID1","2894","ENSG00000182771"
"584","GTF2F1","2962","ENSG00000125651"
"587","HLA-DOA","3111","ENSG00000204252"
"588","HLA-DOA","3111","ENSG00000232957"
"589","HLA-DOA","3111","ENSG00000235744"
"590","HLA-DOA","3111","ENSG00000206292"
"591","HLA-DOA","3111","ENSG00000231558"
"592","HLA-DOA","3111","ENSG00000232962"
"593","HLA-DOA","3111","ENSG00000230141"
"594","HOXA7","3204","ENSG00000122592"
"595","KCNK3","3777","ENSG00000171303"
"596","LASP1","3927","ENSG00000002834"
"597","LRCH4","4034","ENSG00000077454"
"598","MCM7","4176","ENSG00000166508"
"599","MDM4","4194","ENSG00000198625"
"600","MFGE8","4240","ENSG00000140545"
"601","MLN","4295","ENSG00000096395"
"602","MMP17","4326","ENSG00000198598"
"603","MNT","4335","ENSG00000070444"
"604","ATP6","4508","ENSG00000198899"
"605","COX1","4512","ENSG00000198804"
"606","ND5","4540","ENSG00000198786"
"607","MYBL2","4605","ENSG00000101057"
"608","CEACAM6","4680","ENSG00000086548"
"609","NF2","4771","ENSG00000186575"
"610","NFIX","4784","ENSG00000008441"
"611","NFKB2","4791","ENSG00000077150"
"612","NID1","4811","ENSG00000116962"
"613","NME2","4831","ENSG00000243678"
"614","OLR1","4973","ENSG00000173391"
"615","PA2G4","5036","ENSG00000170515"
"616","PAK1","5058","ENSG00000149269"
"617","PAX2","5076","ENSG00000075891"
"618","PCBP1","5093","ENSG00000169564"
"619","PDPK1","5170","ENSG00000140992"
"620","PFKFB3","5209","ENSG00000170525"
"621","PKM","5315","ENSG00000067225"
"622","PLAGL2","5326","ENSG00000126003"
"623","PPIA","5478","ENSG00000196262"
"624","PSMD11","5717","ENSG00000108671"
"625","PTMA","5757","ENSG00000187514"
"626","RPL10","6134","ENSG00000147403"
"627","RPL18A","6142","ENSG00000105640"
"628","RPL23A","6147","ENSG00000198242"
"629","RPS9","6203","ENSG00000170889"
"630","RPS9","6203","ENSG00000274646"
"631","RPS9","6203","ENSG00000275323"
"632","RPS9","6203","ENSG00000278081"
"633","RPS9","6203","ENSG00000274005"
"634","RPS9","6203","ENSG00000278270"
"635","RPS9","6203","ENSG00000277359"
"636","RPS9","6203","ENSG00000274626"
"637","RPS9","6203","ENSG00000277079"
"638","RPS9","6203","ENSG00000274950"
"639","RPS10","6204","ENSG00000124614"
"640","RPS15A","6210","ENSG00000134419"
"641","RRM2","6241","ENSG00000171848"
"642","SALL1","6299","ENSG00000103449"
"643","CXCL12","6387","ENSG00000107562"
"644","SHMT1","6470","ENSG00000176974"
"645","SHMT1","6470","ENSG00000284320"
"646","SLC2A5","6518","ENSG00000142583"
"647","SLC6A6","6533","ENSG00000131389"
"648","SLC7A2","6542","ENSG00000003989"
"650","SRM","6723","ENSG00000116649"
"651","SRP54","6729","ENSG00000100883"
"652","STAT5B","6777","ENSG00000173757"
"653","TACR3","6870","ENSG00000169836"
"654","TAGLN","6876","ENSG00000149591"
"655","PPP1R11","6992","ENSG00000204619"
"656","PPP1R11","6992","ENSG00000236560"
"657","PPP1R11","6992","ENSG00000237403"
"658","PPP1R11","6992","ENSG00000233314"
"659","PPP1R11","6992","ENSG00000234058"
"660","PPP1R11","6992","ENSG00000206501"
"661","PPP1R11","6992","ENSG00000227720"
"662","PPP1R11","6992","ENSG00000237829"
"663","TMBIM6","7009","ENSG00000139644"
"664","TFF1","7031","ENSG00000160182"
"665","TIMP3","7078","ENSG00000100234"
"666","TLR5","7100","ENSG00000187554"
"667","TSPYL1","7259","ENSG00000189241"
"668","UBE2D3","7323","ENSG00000109332"
"669","UBE2L3","7332","ENSG00000185651"
"670","USF2","7392","ENSG00000105698"
"671","YWHAE","7531","ENSG00000108953"
"672","YWHAE","7531","ENSG00000274474"
"673","ZYX","7791","ENSG00000159840"
"674","ZYX","7791","ENSG00000285443"
"675","PRRC2A","7916","ENSG00000204469"
"676","PRRC2A","7916","ENSG00000231370"
"677","PRRC2A","7916","ENSG00000226618"
"678","PRRC2A","7916","ENSG00000206427"
"679","PRRC2A","7916","ENSG00000231825"
"680","PRRC2A","7916","ENSG00000225748"
"681","PRRC2A","7916","ENSG00000225164"
"683","ULK1","8408","ENSG00000177169"
"684","TPST2","8459","ENSG00000128294"
"686","TMEM11","8834","ENSG00000178307"
"687","SQSTM1","8878","ENSG00000161011"
"688","SQSTM1","8878","ENSG00000284099"
"689","SLC5A6","8884","ENSG00000138074"
"690","MTMR3","8897","ENSG00000100330"
"692","RPS6KA4","8986","ENSG00000162302"
"693","USP6","9098","ENSG00000129204"
"694","MTA1","9112","ENSG00000182979"
"695","SYNGR2","9144","ENSG00000108639"
"696","SYNGR1","9145","ENSG00000100321"
"697","ARHGEF2","9181","ENSG00000116584"
"698","DDX21","9188","ENSG00000165732"
"699","NOLC1","9221","ENSG00000166197"
"700","PTTG1","9232","ENSG00000164611"
"701","SRSF11","9295","ENSG00000116754"
"702","SLC9A3R1","9368","ENSG00000109062"
"703","GTPBP1","9567","ENSG00000100226"
"704","NOS1AP","9722","ENSG00000198929"
"705","ARHGAP32","9743","ENSG00000134909"
"706","BCLAF1","9774","ENSG00000029363"
"707","EPM2AIP1","9852","ENSG00000178567"
"708","PSMD6","9861","ENSG00000163636"
"709","RCE1","9986","ENSG00000173653"
"710","ABCC5","10057","ENSG00000114770"
"711","UST","10090","ENSG00000111962"
"712","TRIM28","10155","ENSG00000130726"
"713","EIF1","10209","ENSG00000173812"
"714","GDF11","10220","ENSG00000135414"
"715","NDRG1","10397","ENSG00000104419"
"716","ARPC1A","10552","ENSG00000241685"
"717","RABAC1","10567","ENSG00000105404"
"718","DRAP1","10589","ENSG00000175550"
"719","TXNIP","10628","ENSG00000265972"
"720","FAM189B","10712","ENSG00000160767"
"721","FAM189B","10712","ENSG00000262666"
"722","PNRC1","10957","ENSG00000146278"
"723","CCNI","10983","ENSG00000118816"
"724","TDRKH","11022","ENSG00000182134"
"725","HNRNPUL1","11100","ENSG00000105323"
"726","AKAP13","11214","ENSG00000170776"
"727","RNF139","11236","ENSG00000170881"
"728","RBPJL","11317","ENSG00000124232"
"729","U2AF2","11338","ENSG00000063244"
"730","COPZ1","22818","ENSG00000111481"
"731","CLSTN1","22883","ENSG00000171603"
"732","NFASC","23114","ENSG00000163531"
"733","TAB2","23118","ENSG00000055208"
"734","TAB2","23118","ENSG00000228408"
"735","PLXND1","23129","ENSG00000004399"
"736","MAPK8IP3","23162","ENSG00000138834"
"737","GGA3","23163","ENSG00000125447"
"739","DIP2A","23181","ENSG00000160305"
"740","PMPCA","23203","ENSG00000165688"
"741","ARL6IP1","23204","ENSG00000170540"
"742","PLCB1","23236","ENSG00000182621"
"743","NEDD4L","23327","ENSG00000049759"
"744","CTDNEP1","23399","ENSG00000175826"
"745","CTDNEP1","23399","ENSG00000288307"
"746","NCS1","23413","ENSG00000107130"
"747","CBX6","23466","ENSG00000183741"
"748","KCTD2","23510","ENSG00000180901"
"749","WBP2","23558","ENSG00000132471"
"750","MTCH2","23788","ENSG00000109919"
"751","MTCH2","23788","ENSG00000285121"
"752","FAM98A","25940","ENSG00000119812"
"753","TPGS2","25941","ENSG00000134779"
"754","NECAP1","25977","ENSG00000089818"
"755","AAR2","25980","ENSG00000131043"
"756","SLITRK5","26050","ENSG00000165300"
"757","AP3M1","26985","ENSG00000185009"
"758","PABPC1","26986","ENSG00000070756"
"759","HIPK2","28996","ENSG00000064393"
"760","FHOD1","29109","ENSG00000135723"
"761","SNX8","29886","ENSG00000106266"
"762","STRN4","29888","ENSG00000090372"
"763","CCDC106","29903","ENSG00000173581"
"764","EPN1","29924","ENSG00000063245"
"765","MINK1","50488","ENSG00000141503"
"766","COPS7A","50813","ENSG00000111652"
"767","COQ6","51004","ENSG00000119723"
"768","NMD3","51068","ENSG00000169251"
"769","SAR1B","51128","ENSG00000152700"
"770","ERRFI1","54206","ENSG00000116285"
"771","MTRF1L","54516","ENSG00000112031"
"772","MIER2","54531","ENSG00000105556"
"773","NDE1","54820","ENSG00000072864"
"774","NDE1","54820","ENSG00000275911"
"775","CASZ1","54897","ENSG00000130940"
"776","CHTF8","54921","ENSG00000168802"
"777","BANP","54971","ENSG00000172530"
"778","C20orf27","54976","ENSG00000101220"
"779","PRPF38B","55119","ENSG00000134186"
"780","SLC48A1","55652","ENSG00000211584"
"781","NPLOC4","55666","ENSG00000182446"
"782","LIMS2","55679","ENSG00000072163"
"783","VAC14","55697","ENSG00000103043"
"784","TEX2","55852","ENSG00000136478"
"785","AJAP1","55966","ENSG00000196581"
"786","GNG12","55970","ENSG00000172380"
"787","UBFD1","56061","ENSG00000103353"
"788","BCCIP","56647","ENSG00000107949"
"789","BARHL1","56751","ENSG00000125492"
"790","RAD18","56852","ENSG00000070950"
"791","C15orf39","56905","ENSG00000167173"
"792","DDX24","57062","ENSG00000089737"
"793","DDX24","57062","ENSG00000273761"
"795","STRIP2","57464","ENSG00000128578"
"797","PDP2","57546","ENSG00000172840"
"798","CHD8","57680","ENSG00000100888"
"799","IGDCC4","57722","ENSG00000103742"
"800","HES4","57801","ENSG00000188290"
"803","FAM3A","60343","ENSG00000071889"
"804","CLSPN","63967","ENSG00000092853"
"805","NSD1","64324","ENSG00000165671"
"807","MRPL34","64981","ENSG00000130312"
"808","CDK15","65061","ENSG00000138395"
"809","ZNF655","79027","ENSG00000197343"
"810","DDX54","79039","ENSG00000123064"
"811","KCTD15","79047","ENSG00000153885"
"812","ATG9A","79065","ENSG00000198925"
"813","TNIP2","79155","ENSG00000168884"
"814","EFHD2","79180","ENSG00000142634"
"815","MUL1","79594","ENSG00000090432"
"816","RIN3","79890","ENSG00000100599"
"817","C3orf36","80111","ENSG00000288547"
"818","MED28","80306","ENSG00000118579"
"819","URM1","81605","ENSG00000167118"
"820","SPRY4","81848","ENSG00000187678"
"821","TMUB1","83590","ENSG00000164897"
"822","SPNS1","83985","ENSG00000169682"
"823","BRSK1","84446","ENSG00000160469"
"824","NKX6-2","84504","ENSG00000148826"
"825","REPS1","85021","ENSG00000135597"
"827","MICALL1","85377","ENSG00000100139"
"828","UNK","85451","ENSG00000132478"
"829","NAV1","89796","ENSG00000134369"
"830","FAM110B","90362","ENSG00000169122"
"831","MSANTD3","91283","ENSG00000066697"
"833","GPRIN1","114787","ENSG00000169258"
"834","EVI5L","115704","ENSG00000142459"
"835","ANKRD13B","124930","ENSG00000198720"
"836","ARL8A","127829","ENSG00000143862"
"837","PPARGC1B","133522","ENSG00000155846"
"838","ZBTB46","140685","ENSG00000130584"
"839","ADAMTS14","140766","ENSG00000138316"
"840","WIPF2","147179","ENSG00000171475"
"841","RC3H1","149041","ENSG00000135870"
"842","ITPRIPL2","162073","ENSG00000205730"
"843","POLR3H","171568","ENSG00000100413"
"844","TUBB","203068","ENSG00000196230"
"845","TUBB","203068","ENSG00000235067"
"846","TUBB","203068","ENSG00000224156"
"847","TUBB","203068","ENSG00000229684"
"848","TUBB","203068","ENSG00000232575"
"849","TUBB","203068","ENSG00000232421"
"850","TUBB","203068","ENSG00000183311"
"851","TUBB","203068","ENSG00000227739"
"852","NUTM1","256646","ENSG00000184507"
"853","FAM83H","286077","ENSG00000180921"
"854","FAM83H","286077","ENSG00000273889"
"855","ANKRD42","338699","ENSG00000137494"
"856","B4GALNT4","338707","ENSG00000182272"
"857","KLHL38","340359","ENSG00000175946"
"858","NANOS1","340719","ENSG00000188613"
"861","TSPYL6","388951","ENSG00000178021"
"862","ZBTB34","403341","ENSG00000177125"
"863","C10orf55","414236","ENSG00000222047"
"865","RNF165","494470","ENSG00000141622"
"866","PPIAL4G","644591","ENSG00000236334"
"867","PCP4L1","654790","ENSG00000248485"
"868","RGPD2","729857","ENSG00000185304"
"869","CASC9","101805492","ENSG00000249395"
"870","LOC105371414","105371414","ENSG00000260279"
"871","CD59","966","ENSG00000085063"
"872","ZNF487","642819","ENSG00000243660"
"873","ACACA","31","ENSG00000278540"
"874","ACACA","31","ENSG00000275176"
"875","ATP6V0B","533","ENSG00000117410"
"876","CA12","771","ENSG00000074410"
"877","ATF6B","1388","ENSG00000213676"
"878","ATF6B","1388","ENSG00000228628"
"879","ATF6B","1388","ENSG00000234539"
"880","ATF6B","1388","ENSG00000168468"
"881","DIAPH1","1729","ENSG00000131504"
"882","FOXC1","2296","ENSG00000054598"
"883","GLP1R","2740","ENSG00000112164"
"884","HDGF","3068","ENSG00000143321"
"885","KCNJ10","3766","ENSG00000177807"
"886","PAK2","5062","ENSG00000180370"
"887","PGK1","5230","ENSG00000102144"
"888","POU5F1B","5462","ENSG00000212993"
"889","PSG4","5672","ENSG00000243137"
"890","RDX","5962","ENSG00000137710"
"891","RPS11","6205","ENSG00000142534"
"892","RPS17","6218","ENSG00000182774"
"893","RPS17","6218","ENSG00000278229"
"894","SKIL","6498","ENSG00000136603"
"895","SOD2","6648","ENSG00000112096"
"896","VLDLR","7436","ENSG00000147852"
"897","ZNF24","7572","ENSG00000172466"
"898","ZNF84","7637","ENSG00000198040"
"899","TNFSF14","8740","ENSG00000125735"
"900","BRSK2","9024","ENSG00000174672"
"901","SORBS3","10174","ENSG00000120896"
"902","IGF2BP1","10642","ENSG00000159217"
"903","RAB32","10981","ENSG00000118508"
"904","NUDT5","11164","ENSG00000165609"
"905","SYNPO","11346","ENSG00000171992"
"906","SHANK2","22941","ENSG00000162105"
"907","GPATCH8","23131","ENSG00000186566"
"908","ICMT","23463","ENSG00000116237"
"909","SULT1B1","27284","ENSG00000173597"
"910","GEMIN4","50628","ENSG00000179409"
"911","RSRC1","51319","ENSG00000174891"
"912","PHAX","51808","ENSG00000164902"
"913","GALNT10","55568","ENSG00000164574"
"914","TM9SF3","56889","ENSG00000077147"
"915","SLC12A5","57468","ENSG00000124140"
"916","MTUS1","57509","ENSG00000129422"
"917","ZNF350","59348","ENSG00000256683"
"918","KLHL12","59349","ENSG00000117153"
"919","INF2","64423","ENSG00000203485"
"920","COPS7B","64708","ENSG00000144524"
"921","GNPNAT1","64841","ENSG00000100522"
"922","TBL1XR1","79718","ENSG00000177565"
"923","TRPM3","80036","ENSG00000083067"
"924","PTGES2","80142","ENSG00000148334"
"925","TTYH3","80727","ENSG00000136295"
"926","ANP32E","81611","ENSG00000143401"
"927","PITPNM3","83394","ENSG00000091622"
"928","FAM104A","84923","ENSG00000133193"
"929","FAM83F","113828","ENSG00000133477"
"932","PHF13","148479","ENSG00000116273"
"933","NAIF1","203245","ENSG00000171169"
"934","HIPK1","204851","ENSG00000163349"
"935","NPCA1","257641",NA
"936","ZDHHC22","283576","ENSG00000177108"
"937","SLC25A42","284439","ENSG00000181035"
"938","FSIP2","401024","ENSG00000188738"
"939","C18orf32","497661","ENSG00000177576"
"941","PDE10A","10846","ENSG00000112541"
"942","ARFGEF3","57221","ENSG00000112379"
"944","XIAP","331","ENSG00000101966"
"945","CDH7","1005","ENSG00000081138"
"946","RCAN1","1827","ENSG00000159200"
"947","EIF2S1","1965","ENSG00000134001"
"948","ERBB2","2064","ENSG00000141736"
"949","F2RL2","2151","ENSG00000164220"
"950","NCKAP1L","3071","ENSG00000123338"
"951","HGFAC","3083","ENSG00000109758"
"952","TNPO1","3842","ENSG00000083312"
"953","CAPRIN1","4076","ENSG00000135387"
"954","PDE3A","5139","ENSG00000172572"
"955","PDE1B","5153","ENSG00000123360"
"956","PMAIP1","5366","ENSG00000141682"
"957","RPN2","6185","ENSG00000118705"
"958","RPS24","6229","ENSG00000138326"
"959","SOX1","6656","ENSG00000182968"
"960","SRD5A1","6715","ENSG00000145545"
"961","ST13","6767","ENSG00000100380"
"962","TPI1","7167","ENSG00000111669"
"963","TRPS1","7227","ENSG00000104447"
"964","VCAM1","7412","ENSG00000162692"
"965","DEK","7913","ENSG00000124795"
"966","SPOP","8405","ENSG00000121067"
"967","AP3B1","8546","ENSG00000132842"
"968","ZNF516","9658","ENSG00000101493"
"969","VGLL4","9686","ENSG00000144560"
"970","USP6NL","9712","ENSG00000148429"
"971","TRIM66","9866","ENSG00000166436"
"972","KIF14","9928","ENSG00000118193"
"973","YAF2","10138","ENSG00000015153"
"974","STX6","10228","ENSG00000135823"
"975","BCAS2","10286","ENSG00000116752"
"976","B3GALT5","10317","ENSG00000183778"
"977","SEC24A","10802","ENSG00000113615"
"979","LMAN2","10960","ENSG00000169223"
"980","RAB3GAP1","22930","ENSG00000115839"
"981","DNAJC9","23234","ENSG00000213551"
"982","ICOSLG","23308","ENSG00000160223"
"983","POLDIP2","26073","ENSG00000004142"
"984","RABGEF1","27342","ENSG00000154710"
"985","GOLT1B","51026","ENSG00000111711"
"986","ST8SIA3","51046","ENSG00000177511"
"987","CPA4","51200","ENSG00000128510"
"988","AZIN1","51582","ENSG00000155096"
"989","NUP54","53371","ENSG00000138750"
"990","TMCO1","54499","ENSG00000143183"
"991","NCAPG2","54892","ENSG00000146918"
"992","STYK1","55359","ENSG00000060140"
"993","UBE2Q1","55585","ENSG00000160714"
"994","LRIF1","55791","ENSG00000121931"
"995","CAND1","55832","ENSG00000111530"
"996","NDUFA12","55967","ENSG00000184752"
"997","SLC45A4","57210","ENSG00000022567"
"999","ARHGAP21","57584","ENSG00000107863"
"1000","TNRC6C","57690","ENSG00000078687"
"1001","LMBR1","64327","ENSG00000105983"
"1002","ADAMTS20","80070","ENSG00000173157"
"1003","NBPF3","84224","ENSG00000142794"
"1004","SLC25A33","84275","ENSG00000171612"
"1005","YTHDC1","91746","ENSG00000083896"
"1006","YTHDC1","91746","ENSG00000275272"
"1007","SYAP1","94056","ENSG00000169895"
"1008","TRABD2A","129293","ENSG00000186854"
"1009","GRPEL2","134266","ENSG00000164284"
"1010","XRRA1","143570","ENSG00000166435"
"1011","C1orf52","148423","ENSG00000162642"
"1012","MB21D2","151963","ENSG00000180611"
"1013","PLEKHG4B","153478","ENSG00000153404"
"1014","TAS2R30","259293","ENSG00000256188"
"1015","TAS2R30","259293","ENSG00000262111"
"1016","TAS2R30","259293","ENSG00000274699"
"1017","SPDYE1","285955","ENSG00000136206"
"1018","SPDYE1","285955","ENSG00000281950"
"1019","SPDYE1","285955","ENSG00000185040"
"1020","FAM89A","375061","ENSG00000182118"
"1021","MTRNR2L7","100288485","ENSG00000256892"
"1022","MTRNR2L3","100462983","ENSG00000256222"
"1023","MTRNR2L11","100463489","ENSG00000270188"
"1024","ACTN4","81","ENSG00000130402"
"1025","ACTN4","81","ENSG00000282844"
"1026","AQP3","360","ENSG00000165272"
"1027","BMI1","648","ENSG00000168283"
"1028","CAPZA1","829","ENSG00000116489"
"1029","CDK4","1019","ENSG00000135446"
"1030","CSE1L","1434","ENSG00000124207"
"1031","DDB1","1642","ENSG00000167986"
"1032","DR1","1810","ENSG00000117505"
"1033","EFNA5","1946","ENSG00000184349"
"1034","ERH","2079","ENSG00000100632"
"1035","GPC4","2239","ENSG00000076716"
"1036","XRCC6","2547","ENSG00000196419"
"1037","GPR27","2850","ENSG00000170837"
"1038","GRM5","2915","ENSG00000168959"
"1040","HMGN2","3151","ENSG00000198830"
"1041","HOXA13","3209","ENSG00000106031"
"1042","HPRT1","3251","ENSG00000165704"
"1043","HSP90AA1","3320","ENSG00000080824"
"1044","INHBA","3624","ENSG00000122641"
"1045","ITGB8","3696","ENSG00000105855"
"1046","KLRC3","3823","ENSG00000205810"
"1047","KPNA1","3836","ENSG00000114030"
"1048","LIPA","3988","ENSG00000107798"
"1049","SMAD5","4090","ENSG00000113658"
"1050","MCC","4163","ENSG00000171444"
"1051","MKI67","4288","ENSG00000148773"
"1052","MKLN1","4289","ENSG00000128585"
"1053","MTHFD1","4522","ENSG00000100714"
"1054","TRIM37","4591","ENSG00000108395"
"1055","NHS","4810","ENSG00000188158"
"1056","PAFAH1B2","5049","ENSG00000168092"
"1057","PEX7","5191","ENSG00000112357"
"1058","PRKG2","5593","ENSG00000138669"
"1059","MAP2K1","5604","ENSG00000169032"
"1060","PTBP1","5725","ENSG00000011304"
"1061","KDM5A","5927","ENSG00000073614"
"1062","CLIP1","6249","ENSG00000130779"
"1063","MAP2K4","6416","ENSG00000065559"
"1064","SH3BGRL","6451","ENSG00000131171"
"1065","SLC5A3","6526","ENSG00000198743"
"1066","UBE2D1","7321","ENSG00000072401"
"1067","UBE2D2","7322","ENSG00000131508"
"1068","UBE2H","7328","ENSG00000186591"
"1069","VDAC2","7417","ENSG00000165637"
"1070","ZNF711","7552","ENSG00000147180"
"1071","ZNF154","7710","ENSG00000179909"
"1072","ZNF207","7756","ENSG00000010244"
"1073","PTP4A1","7803","ENSG00000112245"
"1074","PTP4A1","7803","ENSG00000285976"
"1076","KHSRP","8570","ENSG00000088247"
"1077","MPZL1","9019","ENSG00000197965"
"1078","CLDN12","9069","ENSG00000157224"
"1079","MTMR6","9107","ENSG00000139505"
"1080","THRAP3","9967","ENSG00000054118"
"1081","FRY","10129","ENSG00000073910"
"1082","G3BP1","10146","ENSG00000145907"
"1083","NPM3","10360","ENSG00000107833"
"1084","YAP1","10413","ENSG00000137693"
"1085","FAM3C","10447","ENSG00000196937"
"1086","SYNCRIP","10492","ENSG00000135316"
"1087","CLDN16","10686","ENSG00000113946"
"1088","MTHFD2","10797","ENSG00000065911"
"1089","EBNA1BP2","10969","ENSG00000117395"
"1090","KIF2C","11004","ENSG00000142945"
"1091","KIF3A","11127","ENSG00000131437"
"1092","ZWINT","11130","ENSG00000122952"
"1093","WBP4","11193","ENSG00000120688"
"1094","CHEK2","11200","ENSG00000183765"
"1095","PHB2","11331","ENSG00000215021"
"1096","CBX3","11335","ENSG00000122565"
"1097","SMG1","23049","ENSG00000157106"
"1098","PEG10","23089","ENSG00000242265"
"1099","ZBTB43","23099","ENSG00000169155"
"1100","ESYT1","23344","ENSG00000139641"
"1101","RYBP","23429","ENSG00000163602"
"1102","RYBP","23429","ENSG00000281766"
"1103","PANX1","24145","ENSG00000110218"
"1105","ZBTB20","26137","ENSG00000181722"
"1106","PRELID1","27166","ENSG00000169230"
"1107","ANGPTL3","27329","ENSG00000132855"
"1108","SLC43A3","29015","ENSG00000134802"
"1109","MDFIC","29969","ENSG00000135272"
"1110","ABHD5","51099","ENSG00000011198"
"1111","FAM53C","51307","ENSG00000120709"
"1112","CRNKL1","51340","ENSG00000101343"
"1113","GDE1","51573","ENSG00000006007"
"1114","RAB8B","51762","ENSG00000166128"
"1115","SIX4","51804","ENSG00000100625"
"1116","TM6SF1","53346","ENSG00000136404"
"1117","USP53","54532","ENSG00000145390"
"1118","TBC1D13","54662","ENSG00000107021"
"1119","RSBN1","54665","ENSG00000081019"
"1120","GTPBP2","54676","ENSG00000172432"
"1121","LEPROT","54741","ENSG00000213625"
"1122","ZNF562","54811","ENSG00000171466"
"1123","KLHL28","54813","ENSG00000179454"
"1124","SDAD1","55153","ENSG00000198301"
"1125","KLHL11","55175","ENSG00000178502"
"1126","BRIX1","55299","ENSG00000113460"
"1127","GIMAP4","55303","ENSG00000133574"
"1128","YOD1","55432","ENSG00000180667"
"1129","ETNK1","55500","ENSG00000139163"
"1130","FEM1C","56929","ENSG00000145780"
"1131","LYRM2","57226","ENSG00000083099"
"1132","CYP20A1","57404","ENSG00000119004"
"1133","SPC25","57405","ENSG00000152253"
"1134","SPC25","57405","ENSG00000277909"
"1135","FAM135A","57579","ENSG00000082269"
"1136","KIAA1586","57691","ENSG00000168116"
"1137","PTBP2","58155","ENSG00000117569"
"1138","ENPP5","59084","ENSG00000112796"
"1139","SPCS3","60559","ENSG00000129128"
"1140","ANKEF1","63926","ENSG00000132623"
"1141","IKZF5","64376","ENSG00000095574"
"1142","MRPS5","64969","ENSG00000144029"
"1143","HMBOX1","79618","ENSG00000147421"
"1144","BBS10","79738","ENSG00000179941"
"1145","ALG9","79796","ENSG00000086848"
"1146","METTL8","79828","ENSG00000123600"
"1147","SETD7","80854","ENSG00000145391"
"1148","RBM4B","83759","ENSG00000173914"
"1149","KATNAL1","84056","ENSG00000102781"
"1150","POLR1B","84172","ENSG00000125630"
"1151","PCGF5","84333","ENSG00000180628"
"1152","ZBTB37","84614","ENSG00000185278"
"1153","MFSD9","84804","ENSG00000135953"
"1154","SPPL2A","84888","ENSG00000138600"
"1155","TMEM241","85019","ENSG00000134490"
"1156","PCMTD1","115294","ENSG00000168300"
"1157","PRRC1","133619","ENSG00000164244"
"1158","PTCHD1","139411","ENSG00000165186"
"1159","NEK7","140609","ENSG00000151414"
"1160","CTCFL","140690","ENSG00000124092"
"1161","SAMD8","142891","ENSG00000156671"
"1162","SIK1","150094","ENSG00000142178"
"1163","CCDC80","151887","ENSG00000091986"
"1164","CEP120","153241","ENSG00000168944"
"1165","TMEM30B","161291","ENSG00000182107"
"1166","PARP15","165631","ENSG00000173200"
"1167","ARL13B","200894","ENSG00000169379"
"1168","PDE12","201626","ENSG00000174840"
"1169","LRRC55","219527","ENSG00000183908"
"1170","PRPS1L1","221823","ENSG00000229937"
"1171","FOXK1","221937","ENSG00000164916"
"1172","ZNRF2","223082","ENSG00000180233"
"1173","IPMK","253430","ENSG00000151151"
"1174","ZBTB38","253461","ENSG00000177311"
"1175","SPRYD4","283377","ENSG00000176422"
"1176","RGPD4","285190","ENSG00000196862"
"1177","RPL7L1","285855","ENSG00000146223"
"1178","ZDHHC21","340481","ENSG00000175893"
"1179","ACSM2B","348158","ENSG00000066813"
"1180","SLC9A4","389015","ENSG00000180251"
"1181","XKR9","389668","ENSG00000221947"
"1182","GTF2H5","404672","ENSG00000272047"
"1183","TMEM41B","440026","ENSG00000166471"
"1184","PLEKHG7","440107","ENSG00000187510"
"1186","SMIM15","643155","ENSG00000188725"
"1187","SHISA9","729993","ENSG00000237515"
"1188","COMMD3-BMI1","100532731","ENSG00000269897"
